{"cameraMode":{"drawMode":0,"name":"Shaded","section":"Shading Mode"},"sceneLighting":false,"audioPlay":false,"sceneViewState":{"m_AlwaysRefresh":false,"showFog":true,"showSkybox":false,"showFlares":true,"showImageEffects":true,"showParticleSystems":true,"showVisualEffectGraphs":true,"m_FxEnabled":true},"in2DMode":false,"pivot":{"x":0.437999963760376,"y":0.25000011920928957,"z":0.7400000095367432},"rotation":{"x":-0.11578477919101715,"y":0.7776380181312561,"z":-0.15020805597305299,"w":-0.5994257926940918},"size":0.4330126941204071,"orthographic":false}